1,michael.joyner@setechstores.com
2,steven.arnold@setechstores.com
3,tracey.mark@setechstores.com
4,dylan.howard@setechstores.com
5,michelle.alsop@setechstores.com
6,will.moritz@setechstores.com
7,dylan.rampling@setechstores.com
8,sebastian.patel@setechstores.com
9,keith.wilkins@setechstores.com
10,sam.welch@setechstores.com
11,bernadette.dasgupta@setechstores.com
12,mary.clarkson@setechstores.com
13,dorothy.lee@setechstores.com
14,diana.hardacre@setechstores.com
15,robert.hunter@setechstores.com
16,sean.kerr@setechstores.com
17,jonathan.robertson@setechstores.com
18,ella.ogden@setechstores.com
19,nicola.peters@setechstores.com
20,karen.lewis@setechstores.com
21,robert.elmasri@setechstores.com
22,david.manning@setechstores.com
23,jane.morrison@setechstores.com
24,david.walsh@setechstores.com
25,isaac.stewart@setechstores.com
26,boris.hashimoto@setechstores.com
27,sebastian.nash@setechstores.com
28,nicholas.arnold@setechstores.com
29,david.christiansen@setechstores.com
30,cameron.russell@setechstores.com
31,bud.lawrence@setechstores.com
32,leah.edmunds@setechstores.com
33,jason.nash@setechstores.com
34,kylie.paige@setechstores.com
35,caroline.reid@setechstores.com
36,trevor.young@setechstores.com
37,peter.smith@setechstores.com
38,cameron.white@setechstores.com
39,stewart.graham@setechstores.com
40,ravi.mark@setechstores.com
41,igor.taylor@setechstores.com
42,joe.chapman@setechstores.com
43,stephen.stewart@setechstores.com
44,natalie.bailey@setechstores.com
45,tracey.north@setechstores.com
46,chloe.hart@setechstores.com
47,cameron.stewart@setechstores.com
48,yvonne.paterson@setechstores.com
49,yvonne.bailey@setechstores.com
50,joshua.marshall@setechstores.com
51,amelia.fisher@setechstores.com
52,julie.knox@setechstores.com
53,alan.grant@setechstores.com
54,leo.anderson@setechstores.com
55,audrey.ogden@setechstores.com
56,molly.marshall@setechstores.com
57,sham.edmunds@setechstores.com
58,justin.graening@setechstores.com
59,tracey.navathe@setechstores.com
60,zvi.hudson@setechstores.com
60,emile.hill@setechstores.com
61,andrew.hemmings@setechstores.com
62,jasmine.bell@setechstores.com
63,joseph.bower@setechstores.com
64,tim.christiansen@setechstores.com
65,sebastian.hamilton@setechstores.com
66,steven.abraham@setechstores.com
67,kylie.isbell@setechstores.com
68,nicola.fisher@setechstores.com
69,jessica.rutherford@setechstores.com
70,alexandra.underwood@setechstores.com
71,piers.anderson@setechstores.com
72,victor.sanchez@setechstores.com
73,rebecca.burdell@setechstores.com
74,colin.sanderson@setechstores.com
75,david.hudson@setechstores.com
76,joan.mackenzie@setechstores.com
77,stephen.johnston@setechstores.com
78,richard.randall@setechstores.com
79,peter.manning@setechstores.com
80,keith.mitchell@setechstores.com
81,carl.peake@setechstores.com
82,emma.thomson@setechstores.com
83,bernadette.rampling@setechstores.com
84,kimberly.turner@setechstores.com
85,kevin.allan@setechstores.com
86,amanda.sutherland@setechstores.com
87,dylan.morrison@setechstores.com
88,nicola.forsyth@setechstores.com
89,diane.reid@setechstores.com
90,nicola.clark@setechstores.com
91,carolyn.clarkson@setechstores.com
92,joanne.peake@setechstores.com
93,steven.sanchez@setechstores.com
94,audrey.joyner@setechstores.com
95,diane.duncan@setechstores.com
96,deirdre.jackson@setechstores.com
97,jack.hudson@setechstores.com
98,trevor.abraham@setechstores.com
99,phil.wilkins@setechstores.com
100,theresa.langdon@setechstores.com
101,ryan.mackay@setechstores.com
102,rachel.campbell@setechstores.com
103,alexander.peters@setechstores.com
104,igor.rutherford@setechstores.com
105,steven.baker@setechstores.com
106,harry.ellison@setechstores.com
107,amelia.manning@setechstores.com
108,joshua.ferguson@setechstores.com
109,lucas.wilson@setechstores.com
110,milos.gibson@setechstores.com
111,andrew.short@setechstores.com
112,nicola.gibson@setechstores.com
113,will.stewart@setechstores.com
114,phil.hardacre@setechstores.com
115,katherine.parr@setechstores.com
116,thomas.joyner@setechstores.com
117,dorothy.morgan@setechstores.com
118,carl.pullman@setechstores.com
119,amy.christiansen@setechstores.com
120,rachel.wilkins@setechstores.com
121,lillian.malliaris@setechstores.com
122,irene.martin@setechstores.com
123,milos.sharp@setechstores.com
124,stephen.berry@setechstores.com
125,lisa.buckland@setechstores.com
126,paul.fraser@setechstores.com
127,jason.brown@setechstores.com
128,victoria.howard@setechstores.com
129,james.carr@setechstores.com
130,zvi.wilkins@setechstores.com
131,kevin.mcgrath@setechstores.com
132,liam.wilkins@setechstores.com
133,jason.mcgrath@setechstores.com
134,sam.slater@setechstores.com
135,ruth.hudson@setechstores.com
136,charles.cornish@setechstores.com
137,christopher.welch@setechstores.com
138,jessica.chapman@setechstores.com
139,victor.bond@setechstores.com
140,abigail.burdell@setechstores.com
141,eric.clarkson@setechstores.com
142,audrey.davidson@setechstores.com
143,melanie.blake@setechstores.com
144,julie.isbell@setechstores.com
145,penelope.turner@setechstores.com
146,kevin.vance@setechstores.com
147,amanda.mills@setechstores.com
148,sam.skinner@setechstores.com
149,stephen.burdell@setechstores.com
150,natalie.hughes@setechstores.com
151,adrian.hill@setechstores.com
152,fiona.ferguson@setechstores.com
153,andrea.chapman@setechstores.com
154,sarah.newman@setechstores.com
155,caroline.may@setechstores.com
156,milos.wilkins@setechstores.com
157,connor.christiansen@setechstores.com
158,justin.navathe@setechstores.com
159,deirdre.gill@setechstores.com
160,brandon.morgan@setechstores.com
161,jasmine.isbell@setechstores.com
162,donna.burgess@setechstores.com
163,lucas.johnston@setechstores.com
164,bella.lewis@setechstores.com
165,liam.harris@setechstores.com
166,steven.carr@setechstores.com
167,terry.taylor@setechstores.com
168,diana.johnson@setechstores.com
169,amy.davies@setechstores.com
170,joshua.buckland@setechstores.com
171,amelia.nash@setechstores.com
172,christopher.pullman@setechstores.com
173,matt.clark@setechstores.com
174,piers.metcalfe@setechstores.com
175,anthony.dowd@setechstores.com
176,james.manning@setechstores.com
177,michael.terry@setechstores.com
178,elizabeth.henderson@setechstores.com
179,terry.wright@setechstores.com
180,trevor.piper@setechstores.com
181,charles.duncan@setechstores.com
182,alison.terry@setechstores.com
183,austin.manning@setechstores.com
184,karen.macdonald@setechstores.com
185,chloe.wright@setechstores.com
186,carl.dowd@setechstores.com
187,caroline.underwood@setechstores.com
188,carl.ince@setechstores.com
189,carl.manning@setechstores.com
190,una.pullman@setechstores.com
191,dominic.wright@setechstores.com
192,diane.ogden@setechstores.com
193,sham.rutherford@setechstores.com
194,emma.allan@setechstores.com
195,jennifer.white@setechstores.com
196,amelia.gill@setechstores.com
197,neil.hamilton@setechstores.com
198,max.martin@setechstores.com
199,keith.stewart@setechstores.com
200,evan.dasgupta@setechstores.com
201,tom.walsh@setechstores.com
202,alan.greene@setechstores.com
203,colin.walker@setechstores.com
204,lucas.anderson@setechstores.com
205,tim.powell@setechstores.com
206,sebastian.dyer@setechstores.com
207,jason.payne@setechstores.com
208,adrian.powell@setechstores.com
209,melanie.miller@setechstores.com
210,alison.coleman@setechstores.com
211,theresa.peters@setechstores.com
212,sam.mark@setechstores.com
213,dylan.miller@setechstores.com
214,harry.short@setechstores.com
215,natalie.alsop@setechstores.com
216,peter.short@setechstores.com
217,stephanie.elmasri@setechstores.com
218,zoe.hill@setechstores.com
219,caroline.mills@setechstores.com
220,sam.roberts@setechstores.com
221,edward.gray@setechstores.com
222,dominic.hemmings@setechstores.com
223,ravi.wallace@setechstores.com
224,zoe.manning@setechstores.com
225,fiona.langdon@setechstores.com
226,samantha.fraser@setechstores.com
227,deirdre.turner@setechstores.com
228,rebecca.nolan@setechstores.com
229,lillian.underwood@setechstores.com
230,sophie.bond@setechstores.com
231,bernadette.malliaris@setechstores.com
232,julian.king@setechstores.com
233,audrey.hunter@setechstores.com
234,gabrielle.carr@setechstores.com
235,amanda.rampling@setechstores.com
236,lily.rees@setechstores.com
237,anne.johnston@setechstores.com
238,jane.dyer@setechstores.com
239,adam.james@setechstores.com
240,paul.hemmings@setechstores.com
241,alexandra.sharp@setechstores.com
242,will.malliaris@setechstores.com
243,sue.walker@setechstores.com
244,rebecca.berry@setechstores.com
245,alexandra.allan@setechstores.com
246,bernadette.clarkson@setechstores.com
247,gavin.miller@setechstores.com
248,ella.tucker@setechstores.com
249,edward.welch@setechstores.com
250,maria.murray@setechstores.com
251,vanessa.walsh@setechstores.com
252,lily.peake@setechstores.com
253,alison.abraham@setechstores.com
254,kimberly.stewart@setechstores.com
255,pippa.fraser@setechstores.com
256,isaac.graham@setechstores.com
257,dominic.parr@setechstores.com
258,megan.hemmings@setechstores.com
259,olivia.jackson@setechstores.com
260,isaac.edmunds@setechstores.com
261,rose.peters@setechstores.com
262,will.mitchell@setechstores.com
263,leah.murray@setechstores.com
264,dominic.morgan@setechstores.com
265,jacob.anderson@setechstores.com
266,penelope.gray@setechstores.com
267,joe.murray@setechstores.com
268,justin.kelly@setechstores.com
269,katherine.clarkson@setechstores.com
270,bud.kelly@setechstores.com
271,robert.brown@setechstores.com
272,justin.edmunds@setechstores.com
273,jessica.gibson@setechstores.com
274,nicola.malliaris@setechstores.com
275,blake.hodges@setechstores.com
276,leo.ross@setechstores.com
277,paul.hughes@setechstores.com
278,peter.henderson@setechstores.com
279,dylan.murray@setechstores.com
280,blake.paterson@setechstores.com
281,jan.morrison@setechstores.com
282,robert.nolan@setechstores.com
283,una.hill@setechstores.com
284,richard.avery@setechstores.com
285,piers.dowd@setechstores.com
286,rose.payne@setechstores.com
287,emile.langdon@setechstores.com
288,ruth.coleman@setechstores.com
289,elizabeth.poole@setechstores.com
290,madeleine.cameron@setechstores.com
291,julia.burdell@setechstores.com
292,nathan.oliver@setechstores.com
293,jack.jackson@setechstores.com
294,james.patel@setechstores.com
295,andrea.chapman@setechstores.com
296,chloe.grant@setechstores.com
297,natalie.mills@setechstores.com
298,julia.mcdonald@setechstores.com
299,charles.elmasri@setechstores.com
300,christopher.gill@setechstores.com
301,pooja.joyner@setechstores.com
302,chloe.wright@setechstores.com
303,alan.mitchell@setechstores.com
304,cameron.sharp@setechstores.com
305,gabrielle.hughes@setechstores.com
306,alexandra.cameron@setechstores.com
307,sam.mathis@setechstores.com
308,julia.fisher@setechstores.com
309,lucas.carr@setechstores.com
310,thomas.coleman@setechstores.com
311,andrew.isbell@setechstores.com
312,steven.kelly@setechstores.com
313,victor.forsyth@setechstores.com
314,joanne.lyman@setechstores.com
315,claire.welch@setechstores.com
316,steven.randall@setechstores.com
317,wanda.murray@setechstores.com
318,heather.joyner@setechstores.com
319,richard.mackenzie@setechstores.com
320,jake.knox@setechstores.com
321,lucas.mark@setechstores.com
322,igor.clarkson@setechstores.com
323,simon.mackenzie@setechstores.com
324,lisa.young@setechstores.com
325,luke.scott@setechstores.com
326,sarah.ogden@setechstores.com
327,michelle.taylor@setechstores.com
328,sean.howard@setechstores.com
329,neil.walker@setechstores.com
330,richard.morrison@setechstores.com
331,bernadette.knox@setechstores.com
332,isaac.allan@setechstores.com
333,boris.lee@setechstores.com
334,brian.oliver@setechstores.com
335,boris.manning@setechstores.com
336,bella.sharp@setechstores.com
337,jack.young@setechstores.com
338,gordon.joyner@setechstores.com
339,joan.wright@setechstores.com
340,elizabeth.brown@setechstores.com
341,ella.ince@setechstores.com
342,justin.martin@setechstores.com
343,max.avery@setechstores.com
344,christian.rees@setechstores.com
345,blake.russell@setechstores.com
346,angela.hamilton@setechstores.com
347,blake.rampling@setechstores.com
348,lily.north@setechstores.com
349,wanda.young@setechstores.com
350,dylan.wilson@setechstores.com
351,sonia.lee@setechstores.com
352,jan.churchill@setechstores.com
353,julian.kerr@setechstores.com
354,zvi.sutherland@setechstores.com
355,matt.ellison@setechstores.com
356,brandon.roberts@setechstores.com
357,joanne.short@setechstores.com
358,kevin.dickens@setechstores.com
359,paul.sharp@setechstores.com
360,gordon.ince@setechstores.com
361,irene.cameron@setechstores.com
362,blake.hill@setechstores.com
363,gavin.jackson@setechstores.com
364,andrew.burdell@setechstores.com
365,lina.berry@setechstores.com
366,james.sutherland@setechstores.com
367,gordon.mathis@setechstores.com
367,neil.graening@setechstores.com
368,claire.lee@setechstores.com
369,joanne.burdell@setechstores.com
370,zvi.duncan@setechstores.com
371,brandon.arnold@setechstores.com
372,jessica.davies@setechstores.com
373,justin.peters@setechstores.com
374,chloe.russell@setechstores.com
375,alexander.tucker@setechstores.com
376,eric.welch@setechstores.com
377,una.peake@setechstores.com
378,heather.sutherland@setechstores.com
379,jacob.rees@setechstores.com
380,michelle.tucker@setechstores.com
381,penelope.coleman@setechstores.com
382,amanda.murray@setechstores.com
383,yvonne.abraham@setechstores.com
384,joseph.anderson@setechstores.com
385,isaac.short@setechstores.com
386,donna.hughes@setechstores.com
387,maria.hardacre@setechstores.com
388,hannah.watson@setechstores.com
389,colin.hodges@setechstores.com
390,simon.reid@setechstores.com
391,peter.morgan@setechstores.com
392,caroline.fisher@setechstores.com
393,julian.lawrence@setechstores.com
394,thomas.lewis@setechstores.com
395,bernadette.manning@setechstores.com
396,john.hashimoto@setechstores.com
397,terry.patel@setechstores.com
398,milos.parr@setechstores.com
399,audrey.ball@setechstores.com
400,jane.piper@setechstores.com
401,sean.lyman@setechstores.com
402,theresa.metcalfe@setechstores.com
403,sally.wallace@setechstores.com
404,joanne.davidson@setechstores.com
405,abigail.mills@setechstores.com
406,jack.lyman@setechstores.com
407,edward.wallace@setechstores.com
408,deirdre.wright@setechstores.com
409,alexander.hodges@setechstores.com
410,sonia.langdon@setechstores.com
411,john.mclean@setechstores.com
412,molly.peters@setechstores.com
413,bella.lambert@setechstores.com
414,michael.avery@setechstores.com
415,lily.dowd@setechstores.com
416,bernadette.dasgupta@setechstores.com
417,kimberly.johnson@setechstores.com
418,pooja.gill@setechstores.com
419,tracey.clark@setechstores.com
420,theresa.burdell@setechstores.com
421,emma.hodges@setechstores.com
422,boris.graham@setechstores.com
423,rebecca.rees@setechstores.com
424,dylan.hart@setechstores.com
425,blake.forsyth@setechstores.com
426,julian.fraser@setechstores.com
427,dan.yatsutake@setechstores.com
428,simon.simpson@setechstores.com
429,alan.lawrence@setechstores.com
430,paul.metcalfe@setechstores.com
431,peter.davidson@setechstores.com
432,jan.king@setechstores.com
433,mary.henderson@setechstores.com
434,blake.martin@setechstores.com
435,abigail.thomson@setechstores.com
436,leo.lambert@setechstores.com
437,victoria.glover@setechstores.com
438,benjamin.berry@setechstores.com
439,keith.glover@setechstores.com
440,simon.churchill@setechstores.com
441,neil.graening@setechstores.com
442,justin.black@setechstores.com
443,audrey.churchill@setechstores.com
444,ada.russell@setechstores.com
445,frank.north@setechstores.com
446,evan.hill@setechstores.com
447,virginia.quinn@setechstores.com
448,bud.peters@setechstores.com
449,mary.hart@setechstores.com
450,carolyn.howard@setechstores.com
451,charles.kelly@setechstores.com
452,ruth.abraham@setechstores.com
453,neil.dyer@setechstores.com
454,anne.hunter@setechstores.com
455,bernadette.piper@setechstores.com
456,joanne.elmasri@setechstores.com
457,adrian.lyman@setechstores.com
458,donna.gray@setechstores.com
459,andrea.cameron@setechstores.com
460,mary.nolan@setechstores.com
461,trevor.arnold@setechstores.com
462,cameron.quinn@setechstores.com
463,alexander.moritz@setechstores.com
464,dylan.harris@setechstores.com
465,madeleine.manning@setechstores.com
466,ava.ross@setechstores.com
467,william.gray@setechstores.com
468,christopher.bell@setechstores.com
469,isaac.terry@setechstores.com
470,penelope.arnold@setechstores.com
471,wendy.hardacre@setechstores.com
472,dan.murray@setechstores.com
473,carolyn.short@setechstores.com
474,charles.hill@setechstores.com
475,joe.powell@setechstores.com
476,ruth.forsyth@setechstores.com
477,matt.hart@setechstores.com
478,gabrielle.howard@setechstores.com
480,liam.peake@setechstores.com
481,zvi.randall@setechstores.com
482,andrew.welch@setechstores.com
483,audrey.vance@setechstores.com
484,leo.morgan@setechstores.com
485,joseph.ferguson@setechstores.com
486,colin.marshall@setechstores.com
487,christian.langdon@setechstores.com
488,emile.mills@setechstores.com
489,dorothy.sanchez@setechstores.com
490,julia.james@setechstores.com
491,madeleine.sutherland@setechstores.com
492,stewart.wallace@setechstores.com
493,brian.patel@setechstores.com
494,stewart.wallace@setechstores.com
495,frank.mills@setechstores.com
496,amelia.lawrence@setechstores.com
497,lily.macleod@setechstores.com
498,kevin.walker@setechstores.com
499,lisa.sharp@setechstores.com
500,bella.anderson@setechstores.com
501,gordon.underwood@setechstores.com
502,jonathan.cornish@setechstores.com
503,mary.johnson@setechstores.com
504,edward.bair@setechstores.com
505,stephen.hamilton@setechstores.com
506,boris.carr@setechstores.com
507,alexander.davidson@setechstores.com
508,zvi.cornish@setechstores.com
509,lisa.gray@setechstores.com
510,michelle.coleman@setechstores.com
511,pooja.peters@setechstores.com
512,eric.piper@setechstores.com
513,carolyn.paige@setechstores.com
514,joshua.christiansen@setechstores.com
515,nathan.buckland@setechstores.com
516,anna.mcdonald@setechstores.com
517,pippa.roberts@setechstores.com
518,yvonne.hart@setechstores.com
519,andrea.chapman@setechstores.com
520,emily.patel@setechstores.com
521,joanne.hodges@setechstores.com
522,justin.alsop@setechstores.com
523,gordon.davidson@setechstores.com
524,anne.simpson@setechstores.com
525,fiona.scott@setechstores.com
526,richard.welch@setechstores.com
527,gordon.underwood@setechstores.com
528,harry.poole@setechstores.com
529,carl.walker@setechstores.com
530,lucas.lawrence@setechstores.com
531,sam.morrison@setechstores.com
532,donna.roberts@setechstores.com
533,christian.hardacre@setechstores.com
534,jacob.howard@setechstores.com
535,leo.walker@setechstores.com
536,nicholas.lee@setechstores.com
537,matt.hart@setechstores.com
538,terry.martin@setechstores.com
539,adam.watson@setechstores.com
540,molly.jackson@setechstores.com
541,leonard.mitchell@setechstores.com
542,emily.davies@setechstores.com
543,jack.walsh@setechstores.com
544,jasmine.campbell@setechstores.com
545,sebastian.gibson@setechstores.com
546,luke.parsons@setechstores.com
547,donna.morgan@setechstores.com
548,nicholas.mackay@setechstores.com
549,sham.nolan@setechstores.com
550,alan.lyman@setechstores.com
551,dylan.mathis@setechstores.com
552,lisa.macdonald@setechstores.com
553,igor.davidson@setechstores.com
554,victor.abraham@setechstores.com
555,victor.king@setechstores.com
556,virginia.cornish@setechstores.com
557,liam.joyner@setechstores.com
558,una.morrison@setechstores.com
559,lillian.miller@setechstores.com
560,lucas.rees@setechstores.com
561,nicola.newman@setechstores.com
562,igor.bailey@setechstores.com
563,penelope.mitchell@setechstores.com
564,rachel.cornish@setechstores.com
565,steven.marshall@setechstores.com
566,zvi.hudson@setechstores.com
567,blake.hughes@setechstores.com
568,john.mclean@setechstores.com
569,nicholas.bond@setechstores.com
570,penelope.cornish@setechstores.com
571,bernadette.sanderson@setechstores.com
572,austin.lyman@setechstores.com
573,kevin.wilkins@setechstores.com
574,anna.ross@setechstores.com
575,justin.kelly@setechstores.com
576,sebastian.smith@setechstores.com
577,michelle.walsh@setechstores.com
578,harry.roberts@setechstores.com
579,paul.miller@setechstores.com
580,jane.vance@setechstores.com
581,rachel.walsh@setechstores.com
582,faith.kelly@setechstores.com
583,sebastian.smith@setechstores.com
584,karen.reid@setechstores.com
585,julia.white@setechstores.com
586,gabrielle.hemmings@setechstores.com
587,lily.lee@setechstores.com
588,ravi.burdell@setechstores.com
589,bella.jackson@setechstores.com
590,rose.lee@setechstores.com
591,yvonne.bair@setechstores.com
592,natalie.short@setechstores.com
593,una.yatsutake@setechstores.com
594,nicholas.martin@setechstores.com
595,angela.vance@setechstores.com
596,samantha.wilkins@setechstores.com
597,jennifer.sanderson@setechstores.com
598,keith.rees@setechstores.com
599,gavin.bailey@setechstores.com
600,penelope.wilkins@setechstores.com
601,jessica.north@setechstores.com
602,ravi.rees@setechstores.com
603,evan.hashimoto@setechstores.com
604,phil.johnson@setechstores.com
605,edward.glover@setechstores.com
606,trevor.chapman@setechstores.com
607,christopher.dasgupta@setechstores.com
608,evan.murray@setechstores.com
609,tom.cameron@setechstores.com
610,oliver.robertson@setechstores.com
611,mary.clarkson@setechstores.com
612,amanda.mills@setechstores.com
613,william.kelly@setechstores.com
614,fiona.mitchell@setechstores.com
615,bud.lewis@setechstores.com
616,jack.parsons@setechstores.com
617,joanne.walsh@setechstores.com
618,matt.stewart@setechstores.com
619,olivia.nolan@setechstores.com
620,felicity.quinn@setechstores.com
621,cameron.hudson@setechstores.com
622,john.burdell@setechstores.com
623,sam.slater@setechstores.com
624,ian.miller@setechstores.com
625,amelia.bailey@setechstores.com
626,dan.navathe@setechstores.com
627,joan.gibson@setechstores.com
628,tim.bond@setechstores.com
629,sam.ellison@setechstores.com
630,ella.terry@setechstores.com
631,lina.hardacre@setechstores.com
632,sham.joyner@setechstores.com
633,max.dickens@setechstores.com
634,yvonne.piper@setechstores.com
635,gavin.greene@setechstores.com
636,chloe.russell@setechstores.com
637,bella.churchill@setechstores.com
638,molly.jackson@setechstores.com
639,milos.hashimoto@setechstores.com
640,michelle.rees@setechstores.com
641,abigail.manning@setechstores.com
642,christopher.davidson@setechstores.com
643,grace.johnson@setechstores.com
644,ruth.piper@setechstores.com
645,leah.graham@setechstores.com
646,kimberly.allan@setechstores.com
647,gavin.martin@setechstores.com
648,joanne.paterson@setechstores.com
649,chloe.russell@setechstores.com
650,andrew.dasgupta@setechstores.com
651,bella.north@setechstores.com
652,sarah.harris@setechstores.com
653,lillian.manning@setechstores.com
654,leo.greene@setechstores.com
655,adrian.berry@setechstores.com
656,michael.paige@setechstores.com
657,julian.alsop@setechstores.com
658,julia.cornish@setechstores.com
659,michelle.alsop@setechstores.com
660,blake.hardacre@setechstores.com
661,hannah.burgess@setechstores.com
662,kevin.blake@setechstores.com
663,mary.butler@setechstores.com
664,igor.terry@setechstores.com
665,bernadette.jackson@setechstores.com
666,leo.mitchell@setechstores.com
667,andrew.macleod@setechstores.com
668,wendy.nolan@setechstores.com
669,milos.hill@setechstores.com
670,warren.skinner@setechstores.com
671,joseph.anderson@setechstores.com
672,michelle.alsop@setechstores.com
673,chloe.mackenzie@setechstores.com
674,ian.morgan@setechstores.com
675,jane.roberts@setechstores.com
676,anthony.rees@setechstores.com
677,jacob.lee@setechstores.com
678,brandon.jones@setechstores.com
679,jane.russell@setechstores.com
680,audrey.mitchell@setechstores.com
681,sally.yatsutake@setechstores.com
682,leo.white@setechstores.com
683,wanda.graening@setechstores.com
684,brandon.coleman@setechstores.com
685,audrey.poole@setechstores.com
686,warren.smith@setechstores.com
687,matt.kelly@setechstores.com
688,amelia.underwood@setechstores.com
689,sophie.bower@setechstores.com
690,alexandra.forsyth@setechstores.com
691,joanne.miller@setechstores.com
692,sebastian.gibson@setechstores.com
693,sarah.nash@setechstores.com
694,faith.walsh@setechstores.com
695,chloe.russell@setechstores.com
696,robert.lawrence@setechstores.com
697,keith.powell@setechstores.com
698,stephen.macdonald@setechstores.com
699,theresa.paige@setechstores.com
700,penelope.malliaris@setechstores.com
701,liam.joyner@setechstores.com
702,carolyn.baker@setechstores.com
703,joshua.sharp@setechstores.com
704,joe.piper@setechstores.com
705,deirdre.edmunds@setechstores.com
706,joan.powell@setechstores.com
707,olivia.young@setechstores.com
708,matt.randall@setechstores.com
709,blake.hughes@setechstores.com
710,neil.scott@setechstores.com
711,gabrielle.turner@setechstores.com
712,elizabeth.manning@setechstores.com
713,joseph.gibson@setechstores.com
714,tom.hudson@setechstores.com
715,jasmine.bell@setechstores.com
716,ava.wilson@setechstores.com
717,terry.may@setechstores.com
718,austin.duncan@setechstores.com
719,tracey.paterson@setechstores.com
720,emile.wilkins@setechstores.com
721,keith.alsop@setechstores.com
722,joshua.springer@setechstores.com
723,amanda.welch@setechstores.com
724,sarah.mcgrath@setechstores.com
725,harry.campbell@setechstores.com
726,jacob.paterson@setechstores.com
727,carol.henderson@setechstores.com
728,caroline.hemmings@setechstores.com
729,dominic.white@setechstores.com
730,lillian.dickens@setechstores.com
731,victoria.terry@setechstores.com
732,mary.glover@setechstores.com
733,sue.newman@setechstores.com
734,carolyn.arnold@setechstores.com
735,christopher.mitchell@setechstores.com
736,bella.kelly@setechstores.com
737,stewart.randall@setechstores.com
738,james.marshall@setechstores.com
739,angela.parr@setechstores.com
740,blake.fisher@setechstores.com
741,jessica.chapman@setechstores.com
742,samantha.davidson@setechstores.com
743,victor.hill@setechstores.com
744,diana.morrison@setechstores.com
745,yvonne.bailey@setechstores.com
746,alison.nash@setechstores.com
747,james.carr@setechstores.com
748,nathan.black@setechstores.com
749,amy.stewart@setechstores.com
750,leo.miller@setechstores.com
751,ian.parr@setechstores.com
752,blake.slater@setechstores.com
753,stephen.abraham@setechstores.com
754,eric.bower@setechstores.com
755,ryan.abraham@setechstores.com
756,sophie.manning@setechstores.com
757,joanne.peake@setechstores.com
758,william.macdonald@setechstores.com
759,deirdre.fraser@setechstores.com
760,chloe.russell@setechstores.com
761,liam.thomson@setechstores.com
762,elizabeth.henderson@setechstores.com
763,alexander.paige@setechstores.com
764,jason.jackson@setechstores.com
765,paul.jackson@setechstores.com
766,matt.hemmings@setechstores.com
767,olivia.james@setechstores.com
768,colin.gray@setechstores.com
769,wanda.buckland@setechstores.com
770,irene.bell@setechstores.com
771,michelle.vaughan@setechstores.com
772,alison.rutherford@setechstores.com
773,diane.underwood@setechstores.com
774,blake.morgan@setechstores.com
775,neil.baker@setechstores.com
776,nicola.hashimoto@setechstores.com
777,fiona.burgess@setechstores.com
778,gavin.robertson@setechstores.com
779,jennifer.glover@setechstores.com
780,madeleine.kelly@setechstores.com
781,warren.rampling@setechstores.com
782,joanne.miller@setechstores.com
783,michael.bailey@setechstores.com
784,ravi.hudson@setechstores.com
785,zvi.paterson@setechstores.com
786,ruth.king@setechstores.com
787,bernadette.clarkson@setechstores.com
788,nathan.vaughan@setechstores.com
789,donna.stewart@setechstores.com
790,melanie.king@setechstores.com
791,ada.martin@setechstores.com
792,warren.white@setechstores.com
793,jan.hamilton@setechstores.com
794,christopher.nash@setechstores.com
795,evan.bailey@setechstores.com
796,vanessa.kerr@setechstores.com
797,bernadette.blake@setechstores.com
798,david.paterson@setechstores.com
799,evan.anderson@setechstores.com
800,ava.miller@setechstores.com
801,connor.sharp@setechstores.com
802,sophie.rutherford@setechstores.com
803,christian.johnson@setechstores.com
804,matt.dasgupta@setechstores.com
805,sophie.dowd@setechstores.com
806,carol.cameron@setechstores.com
807,pooja.peters@setechstores.com
808,julian.cornish@setechstores.com
809,leo.sanchez@setechstores.com
810,sean.simpson@setechstores.com
811,oliver.mathis@setechstores.com
812,mary.nolan@setechstores.com
813,gordon.may@setechstores.com
814,isaac.henderson@setechstores.com
815,pooja.macdonald@setechstores.com
816,isaac.piper@setechstores.com
817,diana.rees@setechstores.com
818,heather.anderson@setechstores.com
819,sebastian.russell@setechstores.com
820,terry.miller@setechstores.com
821,tom.lawrence@setechstores.com
822,grace.watson@setechstores.com
823,robert.campbell@setechstores.com
824,john.poole@setechstores.com
825,sam.jones@setechstores.com
826,julian.macleod@setechstores.com
827,matt.butler@setechstores.com
828,ian.sharp@setechstores.com
829,julie.edmunds@setechstores.com
830,stewart.buckland@setechstores.com
831,elizabeth.may@setechstores.com
832,vanessa.berry@setechstores.com
833,yvonne.poole@setechstores.com
834,sonia.hemmings@setechstores.com
835,wanda.poole@setechstores.com
836,elizabeth.reid@setechstores.com
837,anna.carr@setechstores.com
838,dan.wallace@setechstores.com
839,jane.dickens@setechstores.com
840,sally.baker@setechstores.com
841,maria.berry@setechstores.com
842,igor.macleod@setechstores.com
843,wanda.moritz@setechstores.com
844,jake.walsh@setechstores.com
845,dorothy.taylor@setechstores.com
846,jasmine.springer@setechstores.com
847,jan.mackay@setechstores.com
848,sam.hamilton@setechstores.com
849,piers.rampling@setechstores.com
850,leah.rees@setechstores.com
851,katherine.payne@setechstores.com
852,andrea.chapman@setechstores.com
853,isaac.henderson@setechstores.com
854,alison.gray@setechstores.com
855,sarah.scott@setechstores.com
856,alan.bell@setechstores.com
857,peter.hamilton@setechstores.com
858,tim.dasgupta@setechstores.com
859,jane.pullman@setechstores.com
860,lucas.vaughan@setechstores.com
861,caroline.may@setechstores.com
862,lauren.lee@setechstores.com
863,connor.short@setechstores.com
864,nicholas.mclean@setechstores.com
865,deirdre.skinner@setechstores.com
866,alexander.walker@setechstores.com
867,austin.lee@setechstores.com
868,trevor.hardacre@setechstores.com
869,christian.hardacre@setechstores.com
870,leo.mcgrath@setechstores.com
871,deirdre.dowd@setechstores.com
872,jonathan.anderson@setechstores.com
873,natalie.clark@setechstores.com
874,sebastian.springer@setechstores.com
875,terry.wright@setechstores.com
876,emile.lyman@setechstores.com
877,caroline.wright@setechstores.com
878,lucas.dickens@setechstores.com
879,stephen.sanchez@setechstores.com
880,ruth.elmasri@setechstores.com
881,milos.turner@setechstores.com
882,kimberly.wallace@setechstores.com
883,igor.abraham@setechstores.com
884,peter.white@setechstores.com
885,madeleine.vance@setechstores.com
886,charles.isbell@setechstores.com
887,alexandra.cornish@setechstores.com
888,frank.white@setechstores.com
889,tracey.reid@setechstores.com
890,felicity.white@setechstores.com
891,richard.bair@setechstores.com
892,sue.vance@setechstores.com
893,una.davidson@setechstores.com
894,james.roberts@setechstores.com
895,joanne.hughes@setechstores.com
896,alexander.graening@setechstores.com
897,ruth.kelly@setechstores.com
898,leonard.hunter@setechstores.com
899,steven.robertson@setechstores.com
900,karen.graham@setechstores.com
901,gordon.morgan@setechstores.com
902,jonathan.lee@setechstores.com
903,milos.abraham@setechstores.com
904,max.walker@setechstores.com
905,gabrielle.hemmings@setechstores.com
906,virginia.quinn@setechstores.com
906,benjamin.arnold@setechstores.com
907,gavin.ferguson@setechstores.com
908,frank.clarkson@setechstores.com
909,zoe.gibson@setechstores.com
910,leah.edmunds@setechstores.com
911,jacob.simpson@setechstores.com
912,jacob.nash@setechstores.com
913,irene.rees@setechstores.com
914,molly.avery@setechstores.com
915,dan.skinner@setechstores.com
916,victoria.tucker@setechstores.com
917,blake.payne@setechstores.com
918,joanne.fraser@setechstores.com
919,neil.mcdonald@setechstores.com
920,oliver.parr@setechstores.com
921,evan.langdon@setechstores.com
922,anne.lewis@setechstores.com
923,diane.macdonald@setechstores.com
924,owen.hodges@setechstores.com
925,isaac.black@setechstores.com
926,harry.short@setechstores.com
927,warren.jackson@setechstores.com
928,lily.mclean@setechstores.com
929,michelle.walsh@setechstores.com
930,nicola.newman@setechstores.com
931,kevin.fraser@setechstores.com
932,megan.kerr@setechstores.com
933,bella.sanchez@setechstores.com
934,lillian.paige@setechstores.com
935,leonard.gray@setechstores.com
936,dan.roberts@setechstores.com
937,heather.butler@setechstores.com
938,ella.glover@setechstores.com
939,blake.smith@setechstores.com
940,zvi.duncan@setechstores.com
941,pippa.butler@setechstores.com
942,stephanie.north@setechstores.com
943,michael.martin@setechstores.com
944,heather.ellison@setechstores.com
945,connor.arnold@setechstores.com
946,blake.chapman@setechstores.com
947,william.mathis@setechstores.com
948,william.black@setechstores.com
949,wanda.alsop@setechstores.com
950,terry.rutherford@setechstores.com
951,vanessa.joyner@setechstores.com
952,leah.langdon@setechstores.com
953,bernadette.rampling@setechstores.com
954,benjamin.underwood@setechstores.com
955,colin.hughes@setechstores.com
956,leonard.greene@setechstores.com
957,irene.russell@setechstores.com
958,nicholas.sanchez@setechstores.com
959,sue.tucker@setechstores.com
960,audrey.payne@setechstores.com
961,stephen.greene@setechstores.com
962,emily.duncan@setechstores.com
963,angela.jones@setechstores.com
964,molly.ross@setechstores.com
965,dylan.jackson@setechstores.com
966,ava.wilson@setechstores.com
967,angela.ince@setechstores.com
968,irene.peters@setechstores.com
969,christopher.fraser@setechstores.com
970,cameron.james@setechstores.com
971,luke.ince@setechstores.com
972,carol.wilkins@setechstores.com
973,robert.metcalfe@setechstores.com
974,joe.dowd@setechstores.com
975,steven.mackay@setechstores.com
976,frank.davies@setechstores.com
977,terry.bond@setechstores.com
978,natalie.navathe@setechstores.com
979,blake.hughes@setechstores.com
980,amy.hughes@setechstores.com
981,anne.blake@setechstores.com
982,wendy.carr@setechstores.com
983,carol.north@setechstores.com
984,kylie.butler@setechstores.com
985,lina.henderson@setechstores.com
986,julia.peters@setechstores.com
987,alexandra.gray@setechstores.com
988,edward.ross@setechstores.com
989,lillian.dickens@setechstores.com
990,evan.edmunds@setechstores.com
991,samantha.buckland@setechstores.com
992,olivia.white@setechstores.com
993,christian.johnson@setechstores.com
994,anthony.churchill@setechstores.com
995,jacob.mackenzie@setechstores.com
996,jane.christiansen@setechstores.com
997,james.avery@setechstores.com
998,nicholas.clark@setechstores.com
999,adrian.abraham@setechstores.com
1000,lina.james@setechstores.com
