Adbanonover  ,0.07
Adcadackor Direct Company,0.57
Adcadimin International ,0.57
Adjubilex Holdings Corp.,0.02
Adkilicator WorldWide Company,0.8
Adkililar Holdings Company,0.51
Admunaquax Holdings ,0.11
Admunin WorldWide Corp.,0.05
Adniponan  Corp.,0.57
Adnipover Holdings ,0.31
Adpickar International ,0.09
Adpickegentor Holdings ,0.12
Adpickover International ,0.62
Adquestin International ,0.17
Adquestower Direct Company,0.32
Adsapantor Direct Corp.,0.88
Adsapedex WorldWide Company,0.36
Adsipistor Direct ,0.07
Adtanazz  Group,0.45
Adtanollor  Corp.,0.54
Adtumegax  ,0.77
Adtumentor Direct ,0.7
Adtumommin  Inc,0.63
Adtumower International ,0.14
Advenex  Inc,0.49
Adveninentor  Inc,0.35
Advenupex Direct Company,0.13
Adwerax  ,0.2
Adwericower Direct Inc,0.77
Adwerower International Inc,0
Adwerpaquover Holdings ,0.74
Adwerponantor  Inc,0.73
Adzapex Direct Group,0.08
Barbanedgex Direct ,0.48
Barbanupantor WorldWide ,0.64
Barcadantor Direct ,0.65
Barcadicantor  Group,0.04
Bareredgantor Holdings Group,0.46
Barerepin  Company,0.25
Barglibedgover  ,0.83
Barjubentor  Corp.,0.76
Barmunar WorldWide ,0.19
Barnipentor  ,0.83
Barnipimax  Inc,0.16
Barnipistor  ,0.02
Barnipor Holdings Inc,0.62
Barpebefentor Holdings Group,0.17
Barpebistor WorldWide ,0.9
Barpickamentor  ,0.53
Barpickepex International Inc,0.5
Barpickinicator  ,0.18
Barpickommantor Direct ,0.37
Barpickonax  Inc,0.6
Barpickover International ,0.29
Barquestan  Inc,0.07
Barquestollicator  ,0.21
Barrobax  ,0.59
Barsapover Direct ,0.45
Barsipegistor  Company,0.2
Barsipicar Holdings Inc,0.4
Barsipicator WorldWide ,0.86
Bartaneficator WorldWide ,0.03
Bartanefin International ,0.58
Bartanollover WorldWide ,0.81
Bartinanor  ,0.08
Bartinex Direct ,0.21
Bartinistor WorldWide ,0.43
Bartumanar Direct ,0
Bartumentor International ,0.85
Bartumopover Direct Inc,0.41
Bartumplentor  ,0.34
Barvenackax Direct Company,0.03
Barvenadower Holdings ,0.76
Barvenantor  ,0.75
Barvenar  Inc,0
Barwerackazz WorldWide Group,0.17
Cipbanover WorldWide ,0.12
Cipbanower Direct Company,0.23
Cipcadollan International ,0.56
Cipdudefower WorldWide ,0.25
Ciperepazz Direct Inc,0.33
Cipfropax  ,0.71
Cipfropefar  ,0.07
Cipfropex International ,0
Cipjubaquistor  ,0.24
Cipmunackex International ,0.1
Cipmunax  ,0.25
Cipmunonover Holdings ,0.61
Cipnipax  ,0.37
Cipnipefistor International ,0
Cipnipollistor  ,0.21
Cippebentor WorldWide ,0.34
Cippebimicator  Corp.,0.1
Cippebistor International ,0.05
Cippebollower WorldWide ,0.38
Cippickower Holdings ,0.59
Cipquestonax Holdings ,0.5
Cipsapantor Direct ,0.11
Cipsapentor International ,0.72
Cipsapex  ,0.2
Cipsipentor WorldWide ,0.06
Cipsipover Direct Inc,0.54
Ciptanex  ,0.77
Ciptinefar  Inc,0.64
Ciptinicator Holdings ,0.02
Ciptumedgicator  Inc,0.31
Ciptumeficator  Corp.,0.5
Ciptumicover Holdings ,0.44
Cipvenar Holdings Group,0.43
Cipvenistor  Group,0.61
Cipvenupicator  Corp.,0.22
Cipweraquentor  ,0.08
Cipwerpeficator  ,0.53
Cipwerponazz Holdings ,0.5
Cipwerpower WorldWide Company,0.05
Dopbanollentor Holdings ,0.77
Dopcadefentor WorldWide ,0.1
Dopcadegax Holdings ,0.78
Dopdimaquor Holdings Company,0.75
Doperin  ,0.34
Dopglibefazz  Company,0.82
Dophupan International Company,0.69
Dophupentor Direct Company,0.29
Dophupewex International ,0.63
Dopjubimex International ,0.29
Dopjubupicator  ,0.07
Dopkilamantor  Corp.,0.42
Dopkilaquazz  Group,0.47
Dopmunazz  ,0.45
Dopnipan WorldWide Company,0.17
Dopnipaquistor  ,0.49
Dopnipedower International ,0.33
Dopnipicar  ,0.81
Dopquestan WorldWide ,0.54
Dopquestimentor Direct ,0.24
Dopsipantor International ,0.09
Dopsipedgax  ,0.72
Dopsipegentor Direct ,0.51
Dopsipentor Direct Corp.,0.05
Dopsipplentor  Corp.,0
Doptanex International Company,0.66
Doptanin Direct Group,0.03
Doptaninin Holdings Inc,0.21
Doptanonantor WorldWide ,0.16
Doptumistor WorldWide Company,0.11
Dopveninentor Holdings ,0.62
Dopvenonazz WorldWide ,0.81
Dopwerpentor Direct Corp.,0.05
Dopwerpin  ,0.31
Dopzapentor  Company,0.53
Dopzapicex Holdings Group,0.76
Embanicower Holdings ,0.87
Emcadentor International ,0.89
Emdimar Direct ,0.49
Emdimazz  Group,0.67
Emdudistor  ,0.05
Emfropicator International Corp.,0.84
Emglibistor WorldWide Group,0.58
Emjubex International Corp.,0.57
Emmunantor  ,0.34
Emmunex  Inc,0.83
Emmunupar  Inc,0.07
Emnipentor Holdings ,0.79
Empebupazz Direct ,0.26
Empickadin  ,0.45
Empickopentor Holdings ,0.02
Emquestantor WorldWide ,0.34
Emrobackicator  ,0.56
Emsapower  Corp.,0.85
Emsapower WorldWide ,0.31
Emsipimax Holdings ,0.43
Emtanegar International ,0.39
Emtanentor WorldWide ,0.53
Emtanollistor  ,0.28
Emtanopex Holdings ,0.43
Emtanor International Corp.,0.06
Emtinicator WorldWide ,0.16
Emtinistor WorldWide Inc,0.34
Emtumax Direct Inc,0.18
Emvenanor WorldWide ,0.3
Emvenazz Holdings ,0.24
Emwericator WorldWide Company,0.05
Emwerpentor Direct Corp.,0.83
Emwerpicator  Inc,0.49
Emzapar Holdings Corp.,0.16
Endbanar WorldWide ,0.32
Endbanepistor  ,0.41
Endbanilentor Direct ,0.19
Endbanimex International Corp.,0.22
Endcadan  ,0.1
Endcadantor Direct ,0.38
Enderor WorldWide ,0.04
Endgliban  ,0.73
Endglibedin International ,0.58
Endglibupentor Holdings Group,0.41
Endhupopor International ,0.56
Endhupover Direct ,0.44
Endjubor Holdings Corp.,0.07
Endjubupover International Company,0.9
Endmunewicator  Group,0
Endmunicator  ,0.02
Endmunistor WorldWide ,0.27
Endpebazz Direct Group,0.02
Endpebazz Holdings Group,0.51
Endpebedentor Holdings ,0.08
Endpickaquower International ,0.05
Endpickimicator  ,0.54
Endpickower  Group,0.77
Endquestistor Direct ,0.17
Endrobover  Corp.,0.28
Endsipazz  Corp.,0
Endsipepazz Direct ,0.05
Endtinan  ,0.48
Endtumin  ,0.07
Endwerpentor International ,0.79
Endzapimistor  ,0.23
Endzapplin International Inc,0.45
Frobanan Holdings Group,0
Frodimamax WorldWide ,0.64
Frodimex Holdings ,0.86
Frodudollazz  Corp.,0.13
Froerin Holdings ,0.29
Frofropar WorldWide Inc,0.9
Frofropentor Holdings ,0.27
Frofropopicator Direct ,0.52
Frojubaman Holdings ,0.3
Frojubicator  ,0.46
Frojubimicator WorldWide ,0.55
Frojubupax  Corp.,0.46
Fromunar WorldWide Group,0.31
Fromunommower Holdings Group,0.55
Fropebepantor  Inc,0.18
Fropebex WorldWide ,0
Fropebollax WorldWide Group,0
Froroban  ,0.09
Frorobex Holdings Group,0.28
Frosipazz International Company,0.71
Frotinaquar Direct Group,0.7
Frotumar Direct ,0.6
Frowerpexentor Direct ,0.85
Frowerupar  ,0.25
Grocadan WorldWide Company,0.7
Grocadollan International ,0.3
Grodimefantor  ,0.06
Groerexower WorldWide ,0.25
Groericator WorldWide Inc,0.39
Grofropedgax WorldWide ,0.39
Grofropistor Direct Company,0.67
Groglibexan International ,0.11
Grohupefantor International Company,0.12
Grohupicator Direct ,0.62
Grojubax  Inc,0.26
Grojubinentor Direct Group,0.37
Grokilower Direct Group,0.63
Gromunazz International ,0.67
Gromunommentor Holdings Company,0.75
Groquestackax Holdings Group,0.27
Grorobewistor Holdings ,0.48
Grorobiman  ,0.51
Grosapantor Direct ,0.29
Grosapax  Company,0.84
Grosapinower Direct Group,0.13
Grosapover Holdings ,0.67
Grosipamor  ,0
Grosipover Direct ,0.67
Grotanex International Inc,0.61
Grotinackover WorldWide ,0.63
Grotumentor International ,0.28
Grovenexar Holdings Corp.,0.41
Grovenicator  ,0.32
Grovenimax Direct ,0.42
Grovenover  ,0.62
Growerex  ,0.72
Growerex Holdings ,0.17
Growerpicator Holdings ,0.49
Hapcadax Holdings Inc,0.01
Hapcadinazz Holdings Inc,0.63
Hapdimamex WorldWide ,0.47
Hapdudower Holdings Company,0.42
Haperax Direct ,0.13
Hapfropentor International Group,0.84
Hapglibadantor  ,0.07
Haphupazz Direct ,0.62
Haphupentor  Company,0.11
Haphupin Holdings Corp.,0.19
Haphupistor Holdings ,0.17
Hapjubex  Inc,0.51
Hapkilantor  ,0.31
Hapmunentor Holdings ,0.35
Happebantor  ,0.42
Happebegower  ,0.05
Happickicator Direct ,0.55
Hapquestover Direct ,0.83
Haprobedgazz  ,0.44
Haprobex  Group,0.79
Haprobicator  ,0.66
Hapsipaquentor Direct ,0.71
Haptanackower International ,0.44
Haptanazz International ,0.27
Haptanegax Holdings ,0.72
Haptanepicator  Group,0.38
Haptanepin  ,0.65
Haptumor Holdings Corp.,0.38
Hapvenantor International Company,0.34
Hapvenicator Direct ,0.22
Hapweran International ,0.65
Hapweristor Holdings ,0.69
Hapweristor Holdings Corp.,0.41
Hapwerommin  Group,0.21
Hapzapantor  ,0.08
Hapzapedan Holdings Corp.,0.08
Inbanewor International Corp.,0.84
Inbanower Holdings ,0.39
Incadan International ,0.53
Incadex  ,0.73
Indimplover  Inc,0.33
Indudan International ,0.47
Indudedgan Holdings ,0.79
Inglibentor WorldWide ,0.49
Inglibor International ,0.45
Injuban  ,0.34
Inkilazz  Corp.,0.24
Inkilex  ,0.22
Inmunopax Holdings Inc,0.67
Inmunplantor  ,0.39
Inpebax Direct ,0.08
Inpebepantor Direct Company,0.32
Inpickefax  ,0.49
Inquestan  ,0.49
Inquestaquover WorldWide ,0.18
Inquestedgentor  ,0.02
Inrobadan Direct ,0.21
Inrobentor WorldWide ,0.83
Inrobicator Holdings Group,0.85
Inrobin International ,0.5
Insipador Direct ,0.25
Insipexicator WorldWide Corp.,0.02
Insipollover Holdings ,0.58
Intanaquistor Direct Inc,0.29
Intanazz Direct Company,0.19
Intanepin International ,0.27
Intanimax International Company,0.2
Intinicistor WorldWide ,0.13
Intinicower  ,0.17
Inweradazz International Company,0.9
Inwerepor  Company,0.49
Inweristor WorldWide ,0.47
Inwerpanistor Holdings ,0.79
Inwerpover  ,0.6
Klibanedgor Holdings ,0.24
Klibanicator  ,0.4
Klibanicex International Inc,0.64
Klidudackazz  Group,0
Klidudazz International ,0.72
Klidudentor Direct ,0.45
Klieregower WorldWide ,0.9
Kliericator International ,0.52
Klifropedin International ,0.18
Klifropegex  Company,0.22
Klifropover International ,0.06
Klijubar Holdings ,0.57
Klijubower  ,0.52
Klikilar Holdings ,0.59
Klikilollex Holdings ,0.39
Klimunegex Holdings Inc,0.86
Klinipar International Company,0.83
Klipickan WorldWide Company,0.8
Klirobentor  ,0.73
Klisapackistor  ,0.69
Klisapeficator International Company,0
Klisapefower International ,0.55
Klisapor International ,0.26
Klisipadower  Corp.,0.48
Klisipor  ,0.64
Klitanplex Direct Company,0.63
Klitinilantor WorldWide Inc,0.49
Klitumaman  Group,0.5
Klitumopicator  ,0.44
Klitumplor Direct Inc,0.26
Klivenin  ,0.31
Kliwerimazz Holdings Group,0.37
Kliwerpedax Holdings Group,0.67
Kliwerpor International Company,0.43
Klizapin  ,0.32
Klizapupover WorldWide Company,0.27
Lombanazz  ,0.05
Lombanazz International ,0.59
Lombanedgan  ,0.06
Lombanex WorldWide ,0.29
Lomcadar  Corp.,0.75
Lomdiman WorldWide Corp.,0.66
Lomdimefentor Direct ,0.61
Lomdimewax Direct ,0.26
Lomdimin International Company,0.55
Lomdudex WorldWide ,0.7
Lomdudicator International ,0.03
Lomfropor  ,0.73
Lomglibower Holdings ,0.3
Lomhupax Direct ,0.24
Lomjubedgistor  Inc,0.51
Lomjubplower  ,0.76
Lomkilex Holdings Inc,0.79
Lommuniman  Inc,0.77
Lomnipover  ,0.54
Lomquestadan International ,0.32
Lomrobopower WorldWide ,0.73
Lomsapan  Group,0.16
Lomsapimor WorldWide ,0.67
Lomtanar International ,0.69
Lomtanover Holdings ,0.64
Lomtumador WorldWide Inc,0.57
Lomtumower Holdings Corp.,0.77
Lomwerpan Holdings ,0.26
Lomwerpar WorldWide Inc,0.34
Lomwerpower  ,0.9
Monbanegor  Group,0.74
Monbanentor International Corp.,0.82
Mondimaquan Direct ,0.43
Mondudower WorldWide ,0.28
Monfropor  ,0.24
Monglibantor WorldWide Group,0.13
Monhupamar  Inc,0.34
Monhupefantor WorldWide ,0.1
Monhupepower Direct Company,0.13
Monhupinor Direct Inc,0.11
Monjubin  ,0.33
Monjubistor International Company,0.65
Monkilower Direct ,0.85
Monnipar  ,0.83
Monnipistor  ,0.29
Monpebefazz WorldWide ,0.24
Monpebinin WorldWide ,0.34
Monpebistor International ,0.88
Monpebover WorldWide ,0.47
Monpickar International Corp.,0
Monpickedgazz International ,0.69
Monpickex  Group,0.7
Monquestazz  ,0.43
Monquestewazz  ,0.82
Monrobinistor  ,0.73
Monrobor Direct ,0.39
Monsapan International Corp.,0.74
Monsipan Holdings Inc,0.53
Montanaman Holdings ,0.82
Montanar Holdings Company,0.15
Montanewor  Inc,0.61
Montanex International ,0.68
Montanilax International Corp.,0.57
Montanonor Direct Corp.,0.76
Montinor International Group,0.22
Monwerexan International Corp.,0.79
Monwerpistor Direct Company,0.8
Monzapupin Direct Company,0.82
Parbanewicator Holdings ,0.66
Parcadimower  Group,0.9
Pardudaquower  Group,0.75
Pardudewistor International ,0.56
Parfropazz Direct ,0.15
Parfropicator International ,0.03
Parfropplower WorldWide Group,0.86
Parhupar  ,0.67
Parjuban Holdings ,0.8
Parjuban WorldWide Corp.,0.56
Parjubax Holdings ,0.53
Parkilicentor International ,0.58
Parmunexower  ,0.33
Parnipan Holdings ,0.66
Parnipaquistor WorldWide ,0.76
Parnipimax WorldWide ,0.03
Parpebantor Holdings ,0.59
Parpebefex  ,0.66
Parpebewax International ,0.2
Parpebican Direct ,0.51
Parpickicentor  Inc,0.83
Parpickin International ,0.44
Parpickommax  Group,0.71
Parpickor  ,0.33
Parquestan WorldWide ,0.34
Parquestantor Holdings Group,0.67
Parquestilicator WorldWide Corp.,0.72
Parquestin International ,0.8
Parquestor  Corp.,0.7
Parquestower  ,0.78
Parrobollazz  ,0.63
Parsapax WorldWide ,0.52
Parsapomman  ,0.87
Parsipentor Holdings ,0.9
Parsipicator  Company,0.05
Partanommentor  ,0.77
Partanommower  ,0.16
Partinax Direct Company,0.25
Partinazz  ,0.41
Partinedin  ,0.53
Partumax Direct Group,0.47
Parveninor Direct Corp.,0.58
Parvenistor Direct Inc,0.87
Parvenollazz WorldWide Group,0.37
Parwerentor International ,0.08
Parwerupor  Corp.,0
Qwibanonin Direct ,0.64
Qwicadedistor Direct Group,0.32
Qwicadegazz Holdings Group,0.08
Qwicadistor Direct ,0.26
Qwicadplentor Holdings ,0.57
Qwidimilicator  ,0.1
Qwidimommazz Holdings Corp.,0.47
Qwidimower International ,0.76
Qwidudax  Company,0.21
Qwidudentor International ,0.63
Qwierentor Direct ,0.04
Qwieristor  Company,0.06
Qwierover  ,0.65
Qwigliban Direct ,0.5
Qwiglibin Holdings ,0.14
Qwiglibover International ,0.12
Qwiglibplicator WorldWide Corp.,0.6
Qwihupor Direct Group,0.38
Qwijubackicator WorldWide Company,0.88
Qwikilentor  ,0.25
Qwikilexin WorldWide ,0.05
Qwipickan International Corp.,0.06
Qwiquestentor  Company,0.43
Qwirobicator Holdings ,0.67
Qwitanex WorldWide ,0.74
Qwitumegentor Direct Inc,0.72
Qwivenepax Holdings ,0.04
Qwivenover Holdings Corp.,0.01
Qwiweran  ,0.35
Qwiweror Holdings ,0.7
Qwiwerover WorldWide Company,0.46
Qwiwerpantor Holdings Company,0.68
Qwiwerpistor WorldWide ,0.04
Qwizapaquan  Inc,0.37
Qwizapepan WorldWide Corp.,0
Qwizaponover  ,0.72
Rapbanollax Holdings Corp.,0.37
Rapdimonazz Direct Inc,0.49
Rapdimplower  ,0.5
Rapdudackower Holdings Group,0.49
Raperewex Holdings ,0.06
Raperin Holdings Company,0.53
Rapfropistor Direct ,0.45
Rapglibonazz  ,0.77
Raphupan  Corp.,0.8
Raphupentor Direct ,0.69
Raphupinower  ,0.24
Rapjubepower WorldWide ,0.82
Rapjubover Holdings ,0.35
Rapkilantor International Group,0.15
Rapnipegex International ,0.12
Rappebedgower WorldWide ,0.26
Rappebor International Group,0.87
Rappickover WorldWide Company,0.39
Raprobaquicator  Company,0.05
Raprobower International ,0.29
Rapsipefar Direct Company,0.04
Rapsipin Direct Inc,0.58
Rapsipupor International Company,0.21
Raptanonan  ,0.82
Raptinefazz  ,0.01
Raptumedower  Inc,0.07
Rapvenamower International ,0.32
Rapvenefentor  Corp.,0.3
Rapvenegover International Group,0.71
Rapvenex Direct Corp.,0.13
Rapvenor WorldWide Group,0.28
Rapweregicator International ,0.67
Rapweror  ,0.88
Rapzapadistor Direct Group,0.36
Rebanackower Direct ,0.31
Rebanupex Holdings Group,0
Recadamentor WorldWide ,0.36
Recadedin Direct ,0.66
Recadin  Group,0.44
Redudefazz International Corp.,0.08
Reerommin Holdings ,0.58
Reeror  ,0.52
Refropackentor Direct Company,0.71
Refropefex WorldWide Group,0.24
Reglibedgower  ,0.76
Rehupadar Direct ,0.68
Rehupamantor  Inc,0.04
Rehupan Holdings Company,0.49
Rehupegazz  ,0.46
Rehupex  ,0.76
Rehupommantor Holdings Corp.,0.14
Rehupower WorldWide Inc,0.62
Rejubover Holdings ,0.18
Rekilantor  Group,0.06
Remunar International ,0.75
Remunedicator  ,0.66
Remunegan Holdings ,0.48
Remunopin  ,0.47
Renipicator WorldWide ,0.67
Renipin  ,0.52
Repebilover  ,0.37
Requestonan Direct Corp.,0.2
Requestor Holdings ,0.2
Rerobazz  ,0.58
Rerobex  ,0
Rerobower WorldWide Inc,0.81
Rerobupex  Corp.,0.21
Resapan  Company,0.41
Resapollower Holdings ,0.28
Retanar  ,0.12
Retanower International Inc,0.02
Retinomman International Corp.,0.8
Retumanentor  Inc,0.6
Retumicower  ,0.89
Retumopicator International ,0.29
Reweror Holdings Company,0.41
Rewerpackin Holdings Corp.,0.65
Rewerpan WorldWide Company,0.33
Rewerpedan WorldWide Group,0.25
Rezapupar Direct Company,0.56
Supbanefower Holdings Corp.,0
Supbanegor Holdings ,0.84
Supbanor  ,0.61
Supcadantor  Group,0.33
Supdimommor Direct Corp.,0.36
Supdudex International Inc,0.11
Supericator WorldWide Company,0.34
Superinentor International ,0.71
Superistor  Corp.,0.64
Supfropan Direct ,0.01
Supfropan Holdings ,0.77
Supfropefex Holdings Company,0.3
Supfropicicator Direct Corp.,0.65
Suphupegover WorldWide ,0.26
Supjubopistor Holdings Group,0.55
Supkilistor Direct Company,0.52
Supkilonex  ,0.59
Supmunor  Group,0.84
Supnipegistor Direct ,0.02
Suppebazz  ,0.54
Suppickantor Holdings ,0.4
Suppickor  ,0.45
Supquestar Holdings Corp.,0.45
Supquestollazz Holdings Corp.,0.9
Suprobefax WorldWide Company,0.71
Suprobepan  Inc,0.13
Suprobower Direct Group,0.58
Supsapedicator Holdings ,0.22
Supsapentor  ,0.88
Supsapommantor WorldWide Inc,0.16
Supsipplower  ,0.77
Suptanan  Corp.,0.58
Suptanantor  Group,0.22
Suptumax Holdings ,0.83
Suptumepor Holdings ,0.61
Supwerpommover International Corp.,0.09
Supzapollex  ,0.05
Surcadinin International ,0.4
Surdimazz Holdings ,0.45
Surdimicator  ,0.66
Surdudimor  ,0.28
Surerepin Direct Corp.,0.85
Surericator Holdings ,0.69
Surerommazz International Company,0.24
Surfropover  ,0.65
Surjubackar International ,0.6
Surjubar  Company,0.04
Surkilimentor  Company,0.78
Surmunamex WorldWide ,0.07
Surpickazz Holdings Corp.,0.35
Surquestackex  ,0.36
Surquestamor  Corp.,0.78
Surquestilistor  Corp.,0.4
Surrobin  Inc,0.8
Sursapplex WorldWide ,0.29
Sursipackar WorldWide Company,0.52
Sursipackistor WorldWide ,0.21
Sursipedower  Inc,0.34
Sursipewentor  ,0.8
Sursipicator  Group,0.05
Surtanegower  ,0.7
Surtanover Direct Group,0.65
Surtinazz  Inc,0.73
Survenilex WorldWide ,0.72
Surwerantor International Company,0.82
Surwerazz International ,0.46
Surwerpicator  ,0.47
Surwerpower WorldWide Group,0.77
Surzapar WorldWide ,0.2
Surzapax  ,0.86
Surzapefax WorldWide ,0.35
Surzapommor Direct ,0.51
Thrucadantor WorldWide ,0.5
Thrucadedor Direct ,0.12
Thrududover Direct Company,0.22
Thrufropover  Group,0.43
Thruglibonazz International Group,0.56
Thrujubepazz International Company,0.02
Thrujubewex  ,0.08
Thrukilicex  ,0.07
Thrukilopor International ,0.08
Thrumunollover WorldWide ,0.14
Thrunipexentor  ,0.5
Thrupebinan Holdings ,0.87
Thrupebonor  ,0.37
Thrupickadicator WorldWide ,0.9
Thruquestegazz  Company,0.18
Thruquestistor Holdings Inc,0.69
Thrurobicar WorldWide ,0.11
Thrusapentor WorldWide ,0.29
Thrusipupistor Direct ,0.78
Thrutanax  ,0.71
Thrutanazz  Company,0.6
Thrutanower  ,0.8
Thrutinamicator  Group,0.65
Thrutinanicator Holdings ,0.39
Thrutinegin Direct ,0.45
Thrutinepin Holdings Company,0.12
Thruvenan International ,0.32
Thruvenimentor WorldWide ,0.01
Thruvenommazz  Group,0.36
Thruvenor  ,0.28
Thruweraquicator Holdings ,0.51
Thruwerpicax International Group,0.74
Tipbanan International ,0.52
Tipbanin International ,0.58
Tipdimex  Inc,0.84
Tipdudonan WorldWide ,0.28
Tiperefex  ,0.87
Tiperex  Group,0.42
Tiperimor International ,0.71
Tipfropaquin Holdings Company,0.24
Tipfropefax  ,0
Tipfropilentor Direct Corp.,0.7
Tiphupantor WorldWide Inc,0.01
Tiphupar WorldWide Group,0.82
Tiphupex Direct ,0.51
Tipjubepover  ,0.37
Tipnipover Direct ,0.81
Tippebantor Direct Company,0.53
Tippebantor WorldWide ,0.38
Tippebex International ,0.17
Tippickopin Direct ,0.03
Tiprobex  ,0
Tipsapazz  ,0.62
Tipsapentor Holdings Corp.,0.68
Tipsapopex WorldWide ,0.79
Tipsapower Direct Inc,0.81
Tiptananover Holdings Company,0.27
Tiptinar  Inc,0.21
Tiptumin  Company,0.51
Tipvenefar  ,0.45
Tipweran Holdings ,0.3
Tipweranor  ,0.73
Tipwerimentor Holdings ,0.29
Tipzapover International ,0.02
Trubanantor WorldWide ,0.85
Trubanilex  ,0.85
Trucadollan  Inc,0.57
Trudiminower  ,0.04
Truerefar International ,0.33
Trueregentor Holdings Group,0.55
Truglibazz Direct ,0.56
Truhupar Direct ,0.38
Truhupor Direct ,0.33
Trujubax  Corp.,0.8
Trujubicator  Company,0.72
Trujubupantor Holdings ,0.37
Trupebeficator Direct Company,0.33
Trupebin Holdings Group,0.62
Trupebistor  Inc,0.45
Trurobax Direct Company,0.7
Trusapicator  ,0.63
Trusipplex International ,0.35
Trutumefentor International ,0.54
Trutumegantor WorldWide ,0.62
Truvenopantor  ,0.57
Truwerentor WorldWide Corp.,0.22
Truwerupex International Corp.,0.71
Truzapar Holdings Corp.,0.73
Truzapazz Direct ,0.25
Truzapentor Holdings ,0.35
Truzapicar Direct Corp.,0
Tupcadover WorldWide Corp.,0.45
Tupdimazz Direct ,0.36
Tupdimonentor  ,0.43
Tupdudar Direct ,0.35
Tupdudower  ,0.74
Tuperar Direct ,0.26
Tuperepan WorldWide ,0.76
Tupericator International ,0.78
Tupericover Holdings ,0.82
Tupfropantor  ,0.28
Tupfropazz Holdings Corp.,0.54
Tupfropilower WorldWide ,0.89
Tupkilexower Direct ,0.5
Tupkilor International Inc,0.46
Tupkilplower Direct ,0.55
Tupmunanover Holdings Group,0.7
Tupmunedgantor  Inc,0.32
Tupnipopar  ,0.47
Tupnipower WorldWide ,0.88
Tuppebax International ,0.23
Tuppebinistor WorldWide ,0.49
Tuppickin  ,0.18
Tuppickin  Corp.,0.73
Tuppickor  ,0.34
Tuppickor  Group,0.38
Tuppickplax Holdings ,0.87
Tupquestentor  ,0.89
Tuprobollicator WorldWide ,0.11
Tupsipimower International Inc,0.75
Tuptumar International ,0.15
Tuptumex  ,0
Tupvenan International ,0.05
Tupvenax Direct ,0.7
Tupvenin Direct Inc,0.45
Tupvenonax  ,0.76
Tupwerower  Company,0.41
Tupwerpin WorldWide ,0.06
Unbanollentor WorldWide Group,0.76
Uncadollicator Direct ,0.82
Undudower WorldWide ,0.54
Undudupar  Inc,0.7
Uneran International ,0.38
Unglibamex  ,0.83
Unglibicator  Corp.,0.29
Unhupicazz International Inc,0.03
Unjubar International Group,0.13
Unmunador  Corp.,0.7
Unmunexover Holdings ,0.43
Unmunilar Holdings ,0.22
Unmunimax  Group,0.26
Unnipicator  Corp.,0.6
Unnipplentor International ,0.49
Unpebaquover Holdings ,0.75
Unpebewin Direct Corp.,0.31
Unpebexower  ,0.88
Unpickazz WorldWide ,0.63
Unpickewex  ,0.86
Unpickex Direct ,0.26
Unquestewan Direct ,0.44
Unquestistor WorldWide ,0.7
Unquestor Direct Inc,0.33
Unquestower  ,0.55
Unroban Holdings Company,0.05
Unrobexower  Corp.,0.44
Unrobomman WorldWide ,0.26
Unsipedgex WorldWide Corp.,0.15
Unsipedover WorldWide ,0.28
Unsipexar WorldWide ,0.36
Untumepantor  ,0.58
Untumicator WorldWide Corp.,0.83
Unvenefor  Group,0.41
Unvenistor WorldWide ,0.73
Unwerinan Direct ,0
Unweropax Direct ,0.39
Unwerpedgower  Inc,0.13
Unwerpegicator WorldWide ,0.34
Unwerpilax Holdings Group,0.72
Unwerpimazz Direct ,0.26
Unzapicicator Holdings ,0.72
Unzapistor International Company,0.89
Upbanollar  ,0.71
Upcadupower Direct ,0.7
Updudentor  ,0.74
Upfropadar WorldWide Company,0.53
Upglibistor WorldWide Company,0.75
Uphupentor Direct ,0.44
Uphupentor Holdings ,0.08
Upjubazz Direct Company,0.65
Upjubistor  Group,0.88
Upkilex Holdings ,0.23
Upkilex WorldWide Group,0.68
Upkilicex Holdings Inc,0.29
Upkilin  Corp.,0.8
Upmunicin WorldWide ,0.52
Upnipexax International ,0.01
Upnipommower International ,0.53
Uppebor  Company,0.54
Uppickax Holdings Inc,0.44
Uppickentor  ,0.18
Uppickin  ,0.83
Upquestanan  Company,0.39
Upquestin Holdings Inc,0.83
Upquestistor Holdings ,0.52
Uprobantor  ,0.82
Uprobar  ,0.88
Uprobax International Group,0.09
Upsapedgantor Direct ,0.15
Upsapexan  Group,0.42
Upsipazz Holdings Inc,0.19
Uptanistor WorldWide Company,0.1
Uptanover Holdings Company,0.8
Uptinover  ,0.72
Uptumex International ,0.34
Uptumicator WorldWide ,0.9
Uptumin International Inc,0.1
Uptumistor WorldWide ,0.58
Upwerefower International ,0.44
Upweror WorldWide Corp.,0.55
Upwerpanex Direct Inc,0.48
Upwerpentor WorldWide ,0.54
Varbanaquower Direct Corp.,0.85
Varbanonicator  ,0.18
Varbanower International ,0.62
Varcadewicator  ,0.56
Varcadilax Direct ,0.05
Varerantor Direct ,0.61
Varerax Holdings Corp.,0.19
Varerefin WorldWide ,0.1
Varfropan Holdings ,0
Varfropanax Holdings Corp.,0.57
Varfropazz Direct Group,0.71
Varhupilor Holdings ,0.39
Varjubommistor Direct Group,0.33
Varjubower  Corp.,0.36
Varkilamover WorldWide ,0.37
Varkilantor International ,0.6
Varkilepover Direct ,0.41
Varnipantor Holdings ,0.28
Varpebentor WorldWide ,0.16
Varpebewicator Direct ,0.54
Varpickefentor WorldWide ,0.04
Varpickex  ,0.58
Varquestan International ,0
Varquestentor Direct ,0.15
Varrobegower  Company,0.85
Varsapower WorldWide ,0.59
Varsipazz Direct ,0
Vartanazz International ,0.4
Vartanicator  Group,0.61
Vartaninazz Direct Corp.,0.37
Vartanover  ,0.77
Vartinax International Corp.,0.18
Vartumackicator  Company,0.82
Vartumadax Direct Group,0.35
Varvenower Direct ,0.77
Varwerilicator  ,0.03
Varwerin International Corp.,0.24
Varwerinazz  ,0.44
Varwerpanover  ,0.2
Varwerpazz Direct ,0.28
Varwerpewax Holdings ,0.44
Varzapicator Direct Corp.,0.49
Winbanin Holdings Inc,0.62
Winbanower WorldWide Corp.,0.83
Windimax WorldWide Corp.,0.34
Windudantor International Inc,0.67
Winfropanover International ,0.24
Winglibower  Company,0.15
Winglibplazz International Corp.,0.57
Winhupex Holdings Company,0.61
Winjubentor Direct Group,0.64
Winkilinan International ,0.76
Winmunepar  ,0.38
Winmunilan  ,0.71
Winnipazz International Group,0.3
Winpebewan WorldWide Group,0.55
Winpickentor WorldWide Group,0.5
Winpickopantor WorldWide ,0.11
Winpickower  ,0.29
Winquestedgazz  Inc,0.48
Winquestonin Direct Group,0.4
Winrobonover International ,0.73
Winrobupex WorldWide ,0.68
Winsapicator International ,0.78
Winsapplover  ,0.05
Winsipexar WorldWide ,0.01
Winsipicator  Inc,0.29
Wintumower  ,0.11
Winvenonar International ,0.17
Winwerpadower International Company,0.86
Winwerpazz Direct ,0.59
Zeebanaquar  ,0.84
Zeebanar  ,0.12
Zeebanefistor  Inc,0.9
Zeedimantor International ,0.85
Zeedimefantor International Company,0.65
Zeeerinar Direct ,0.68
Zeeerommower  Company,0.26
Zeefropex International Company,0.55
Zeefropicator Direct ,0.03
Zeeglibadar Holdings Corp.,0.2
Zeejubex WorldWide ,0.19
Zeejubomman  ,0.13
Zeekilax  ,0.84
Zeemunilover Holdings Group,0.41
Zeemuninower WorldWide ,0
Zeenipantor  Inc,0.7
Zeenipentor  ,0.58
Zeepickamower WorldWide Company,0.4
Zeepickimar WorldWide Corp.,0.87
Zeesipar  ,0.28
Zeesipommor Direct ,0.26
Zeetanar International Group,0.57
Zeetanazz  ,0.78
Zeetanazz International ,0.6
Zeetanex International ,0.62
Zeetinexower International ,0.2
Zeevenefazz Direct ,0.83
Zeewerar Holdings ,0.03
Zeewerpicator Direct ,0.49
Zeewerpistor Holdings ,0.85
Zeezapefin  ,0.83
